{"cameraMode":{"drawMode":0,"name":"Shaded","section":"Shading Mode"},"sceneLighting":true,"audioPlay":false,"sceneViewState":{"m_AlwaysRefresh":false,"showFog":true,"showSkybox":true,"showFlares":true,"showImageEffects":true,"showParticleSystems":true,"showVisualEffectGraphs":true,"m_FxEnabled":true},"in2DMode":false,"pivot":{"x":901.1403198242188,"y":1.7616987228393555,"z":399.5890808105469},"rotation":{"x":-0.008078156970441342,"y":0.9919211864471436,"z":-0.08951472491025925,"w":-0.08951473236083985},"size":65.59123229980469,"orthographic":true}